Year,NA_Sales,# of Violent Incidents
2013,114.85000000000001,278
2014,115.41000000000004,51854
2015,98.91,53579
2016,73.12000000000003,58763
2017,75.79999999999997,61402
2018,65.91999999999999,13802
